DX_GROUP,count,mean,std,median,min,max
ASD,408,17.69036004901961,8.933924615587456,15.0,7.0,64.0
TDC,476,16.789208823529414,7.348263030441517,14.754999999999999,6.47,56.2
